numerodecliente;accountcode;crmorigen;numeroreferenciadepago;super;modinitcta;saldo_aslesoft;debtageinicial;cartera;modinitcta;verificacion_pyme;ascard;region;rango;ciudad;nombredelcliente;min;Nombre;plan;numeroreferenciadepago;Telefono1
800153492NT;00002382001010;SGA;003-291237131;NODCTO;          76.650;          76.650;210;210;          76.650;PYME FO;;Region 4;ENTRE 75 Y 100;Bogotá, D.C.;L F T DOTACIONES  S A S;;Dotaciones;NO APLICA;003-291237131;3102125403
860001128NT;00011761001010;SGA;003-291259681;NODCTO;         778.727;         778.727;30;30;         778.727;PYME FO;;Region 4;ENTRE 700 Y 800;Bogotá, D.C.;TOCAZ S.A.S.;;Tocaz;NO APLICA;003-291259681;3104851803
800147021NT;00019983001010;SGA;003-291237601;NODCTO;       1.452.317;       1.452.317;60;CASTIGO;       1.452.317;PYME FO;;Region 4;MAYOR A 1 M;Bogotá, D.C.;LLANOPOZOS S A;;Llanopozos;NO APLICA;003-291237601;3203333881
800147021NT;00019983006005;SGA;003-291266507;NODCTO;          80.610;          80.610;60;60;          80.610;PYME FO;;Region 4;ENTRE 75 Y 100;Bogotá, D.C.;LLANOPOZOS S A;;Llanopozos;;003-291266507;3203333881
860072279NT;00023703001010;SGA;003-290347273;NODCTO;       1.021.680;       1.021.680;210;CASTIGO;       1.021.680;PYME FO;;Region 4;MAYOR A 1 M;Bogotá, D.C.;DOBLE A INGENIERIA SAS;;Doble;NO APLICA;003-290347273;3102389132
830002782NT;00025364001010;SGA;003-291237892;NODCTO;         594.760;         594.760;30;30;         594.760;PYME FO;;Region 4;ENTRE 500 Y 600;Bogotá, D.C.;JAIME DUSSAN SAS;;Jaime;NO APLICA;003-291237892;3103370984
830002782NT;00025364001010;SGA;003-291237892;NODCTO;         594.760;         594.760;30;30;         594.760;PYME FO;;Region 4;ENTRE 500 Y 600;Bogotá, D.C.;JAIME DUSSAN SAS;;Jaime;NO APLICA;003-291237892;3168300939
890320162NT;01217548002010;SGA;003-290926946;NODCTO;         931.882;         931.882;210;210;         931.882;PYME FO;;sin region;ENTRE 900 Y 1 M;Cali;CENTRO DE CAPACITACION Y EDUCACION DIRIG;;Centro;NO APLICA;003-290926946;3147340343
79469804CC;1.00000170;BSCS;1000001701;DCTO 60%;          10.952;           4.381;210;210;          10.952;;;Region 4;MENOR A 25;BOGOTA;Sr./Sra. JULIAN ENR PEREZ MENDEZ;;Julian;Navegala L LITE Mx Sm TMK;1000001701;3132636378
1085341734CC;1.00000425;BSCS;1000004251;DCTO 50%;         362.633;         181.317;210;CASTIGO;         362.633;;;Region 3;ENTRE 300 Y 400;PASTO/NARIÑO;Sr./Sra. ANGELA DAY BENITEZ RUALES;;Angela;Navegala 1 M PRO Mx Sm;1000004251;3147723854
1085341734CC;1.00000425;BSCS;1000004251;DCTO 50%;         362.633;         181.317;210;CASTIGO;         362.633;;;Region 3;ENTRE 300 Y 400;PASTO/NARIÑO;Sr./Sra. ANGELA DAY BENITEZ RUALES;;Angela;Navegala 1 M PRO Mx Sm;1000004251;3217779534
43894303CC;1.00000625;BSCS;1000006257;DCTO 50%;         285.458;         142.729;210;CASTIGO;         285.458;;;Region 2;ENTRE 250 Y 300;EL BAGRE/ANTIOQUIA;SUGEY DAYANA PUERTA;;Sugey;;1000006257;3235143545
43894303CC;1.00000625;BSCS;1000006257;DCTO 50%;         285.458;         142.729;210;CASTIGO;         285.458;;;Region 2;ENTRE 250 Y 300;EL BAGRE/ANTIOQUIA;SUGEY DAYANA PUERTA;;Sugey;;1000006257;3232855601
43894303CC;1.00000625;BSCS;1000006257;DCTO 50%;         285.458;         142.729;210;CASTIGO;         285.458;;;Region 2;ENTRE 250 Y 300;EL BAGRE/ANTIOQUIA;SUGEY DAYANA PUERTA;;Sugey;;1000006257;3135158028
98432223CC;1.00001684;BSCS;1000016844;DCTO 50%;         324.665;         162.333;210;CASTIGO;         324.665;;;Region 4;ENTRE 300 Y 400;ZONA DE NO FIBRA BOGOTA;SR MARIO FERNANDO MEDINA ANGULO;;Mario;;1000016844;3203710414
19275558CC;1.00001699;BSCS;1000016996;DCTO 50%;         177.354;          88.677;210;CASTIGO;         177.354;;;Region 4;ENTRE 150 Y 200;BOGOTA/CUNDINAMARCA;RODOLFO ERNESTO PUENTES ORTEGA;;Rodolfo;;1000016996;3193345140
43055535CC;10000209;RR;10000209;DCTO 50%;         131.870;          65.935;210;CASTIGO;         131.870;;;Region 2;ENTRE 130 Y 140;MEDELLIN;GLORIA STE SANCHEZ USUGA;;Gloria;TV DIGITAL P;10000209;3168269030
43055535CC;10000209;RR;10000209;DCTO 50%;         131.870;          65.935;210;CASTIGO;         131.870;;;Region 2;ENTRE 130 Y 140;MEDELLIN;GLORIA STE SANCHEZ USUGA;;Gloria;TV DIGITAL P;10000209;3215828742
1024513634CC;1.00002855;BSCS;1000028554;DCTO 50%;          96.609;          48.305;210;CASTIGO;          96.609;;;Region 4;ENTRE 75 Y 100;BOGOTA/CUNDINAMARCA;CLAUDIA ROBAYO;;Claudia;Todo Claro S ULTRA Mx Sm TMK;1000028554;3219241722
25250340CC;1.00004421;BSCS;1000044218;DCTO 50%;         347.257;         173.629;210;CASTIGO;         347.257;;;Region 3;ENTRE 300 Y 400;POPAYAN;Sr./Sra. MARIA TORRES OCAMPO   DE OCAMPO;;Maria;Queen Plus S PLUS Mx Sm BL;1000044218;3138325693
1052984140CC;1.00004528;BSCS;1000045282;DCTO 50%;          95.901;          47.951;210;CASTIGO;          95.901;;;Region 1;ENTRE 75 Y 100;MACAYEPOS/BOLIVAR;SR DAIMER GREGORIO MANGARRES SALINAS;;Daimer;Navegala S ULTRA Mx Sm TMK BL;1000045282;3227010760
1052984140CC;1.00004528;BSCS;1000045282;DCTO 50%;          95.901;          47.951;210;CASTIGO;          95.901;;;Region 1;ENTRE 75 Y 100;MACAYEPOS/BOLIVAR;SR DAIMER GREGORIO MANGARRES SALINAS;;Daimer;Navegala S ULTRA Mx Sm TMK BL;1000045282;3225086839
1052984140CC;1.00004528;BSCS;1000045282;DCTO 50%;          95.901;          47.951;210;CASTIGO;          95.901;;;Region 1;ENTRE 75 Y 100;MACAYEPOS/BOLIVAR;SR DAIMER GREGORIO MANGARRES SALINAS;;Daimer;Navegala S ULTRA Mx Sm TMK BL;1000045282;3205731122
1052984140CC;1.00004528;BSCS;1000045282;DCTO 50%;          95.901;          47.951;210;CASTIGO;          95.901;;;Region 1;ENTRE 75 Y 100;MACAYEPOS/BOLIVAR;SR DAIMER GREGORIO MANGARRES SALINAS;;Daimer;Navegala S ULTRA Mx Sm TMK BL;1000045282;3148767001
1052984140CC;1.00004528;BSCS;1000045282;DCTO 50%;          95.901;          47.951;210;CASTIGO;          95.901;;;Region 1;ENTRE 75 Y 100;MACAYEPOS/BOLIVAR;SR DAIMER GREGORIO MANGARRES SALINAS;;Daimer;Navegala S ULTRA Mx Sm TMK BL;1000045282;3126313532
1052984140CC;1.00004528;BSCS;1000045282;DCTO 50%;          95.901;          47.951;210;CASTIGO;          95.901;;;Region 1;ENTRE 75 Y 100;MACAYEPOS/BOLIVAR;SR DAIMER GREGORIO MANGARRES SALINAS;;Daimer;Navegala S ULTRA Mx Sm TMK BL;1000045282;3013610593
1118542839CC;1.00004601;BSCS;1000046014;NODCTO;          66.150;          66.150;0;0;          66.150;;;Region 4;ENTRE 65 Y 70;YOPAL;SRA TIFANY GISET VELA LOPEZ  ;;Tifany;Navegala 1 M PRO Mx Sm;1000046014;3219234553
1118542839CC;1.00004601;BSCS;1000046014;NODCTO;          66.150;          66.150;0;0;          66.150;;;Region 4;ENTRE 65 Y 70;YOPAL;SRA TIFANY GISET VELA LOPEZ  ;;Tifany;Navegala 1 M PRO Mx Sm;1000046014;3116579907
1118542839CC;1.00004601;BSCS;1000046014;NODCTO;          66.150;          66.150;0;0;          66.150;;;Region 4;ENTRE 65 Y 70;YOPAL;SRA TIFANY GISET VELA LOPEZ  ;;Tifany;Navegala 1 M PRO Mx Sm;1000046014;3104797568
7474736CC;1.00005120;BSCS;1000051201;DCTO 50%;          88.332;          44.166;210;CASTIGO;          88.332;;;Region 1;ENTRE 75 Y 100;BARRANQUILLA;SR(A) JOSE DOMIN ACEVEDO VILLAREAL;;Jose;Navegala L LITE Mx Sm TMK;1000051201;3212030245
88247366CC;1.00005422;BSCS;1000054227;DCTO 50%;         279.062;         139.531;210;CASTIGO;         279.062;;;Region 2;ENTRE 250 Y 300;PAMPLONA;Sr./Sra. FABIAN ANDRES RINCON SANTAELLA;;Fabian;Todo Claro S Mx Sm TMK;1000054227;3203114103
88247366CC;1.00005422;BSCS;1000054227;DCTO 50%;         279.062;         139.531;210;CASTIGO;         279.062;;;Region 2;ENTRE 250 Y 300;PAMPLONA;Sr./Sra. FABIAN ANDRES RINCON SANTAELLA;;Fabian;Todo Claro S Mx Sm TMK;1000054227;3242535181
1053819430CC;1.00005433;BSCS;1000054331;NODCTO;          31.900;          31.900;0;0;          31.900;;;Region 2;ENTRE 30 Y 35;MANIZALES/CALDAS;SR DANIELA SANCHEZ OSPINA;;Daniela;Todo Claro S ULTRA Mx Sm TMK;1000054331;3137664937
1042437016CC;10000597;RR;10000597;DCTO 50%;         104.367;          52.184;210;CASTIGO;         104.367;;;sin region;ENTRE 100 Y 110;;Sr./Sra. EDINSON JU CASTILLO BACA;;Edinson;;10000597;3013603300
1042437016CC;10000597;RR;10000597;DCTO 50%;         104.367;          52.184;210;CASTIGO;         104.367;;;sin region;ENTRE 100 Y 110;;Sr./Sra. EDINSON JU CASTILLO BACA;;Edinson;;10000597;3023099665
1042437016CC;10000597;RR;10000597;DCTO 50%;         104.367;          52.184;210;CASTIGO;         104.367;;;sin region;ENTRE 100 Y 110;;Sr./Sra. EDINSON JU CASTILLO BACA;;Edinson;;10000597;3045322574
22815632CC;1.00006152;BSCS;1000061524;DCTO 50%;         292.811;         146.406;210;CASTIGO;         292.811;;;Region 1;ENTRE 250 Y 300;ACHI/BOLIVAR;ODALIS MAR POLANCO ROMERO;;Odalis;;1000061524;3106760745
22815632CC;1.00006152;BSCS;1000061524;DCTO 50%;         292.811;         146.406;210;CASTIGO;         292.811;;;Region 1;ENTRE 250 Y 300;ACHI/BOLIVAR;ODALIS MAR POLANCO ROMERO;;Odalis;;1000061524;3233337129
43890630CC;1.00006260;BSCS;1000062609;DCTO 50%;         552.005;         276.003;210;CASTIGO;         552.005;;;Region 2;ENTRE 500 Y 600;NECHI/ANTIOQUIA;OLGA LUCIA OVIEDO URANGO;;Olga;;1000062609;3125189876
43890630CC;1.00006260;BSCS;1000062609;DCTO 50%;         552.005;         276.003;210;CASTIGO;         552.005;;;Region 2;ENTRE 500 Y 600;NECHI/ANTIOQUIA;OLGA LUCIA OVIEDO URANGO;;Olga;;1000062609;3148092601
43890630CC;1.00006260;BSCS;1000062609;DCTO 50%;         552.005;         276.003;210;CASTIGO;         552.005;;;Region 2;ENTRE 500 Y 600;NECHI/ANTIOQUIA;OLGA LUCIA OVIEDO URANGO;;Olga;;1000062609;3212497730
43890630CC;1.00006260;BSCS;1000062609;DCTO 50%;         552.005;         276.003;210;CASTIGO;         552.005;;;Region 2;ENTRE 500 Y 600;NECHI/ANTIOQUIA;OLGA LUCIA OVIEDO URANGO;;Olga;;1000062609;3145841226
43890630CC;1.00006260;BSCS;1000062609;DCTO 50%;         552.005;         276.003;210;CASTIGO;         552.005;;;Region 2;ENTRE 500 Y 600;NECHI/ANTIOQUIA;OLGA LUCIA OVIEDO URANGO;;Olga;;1000062609;3114455684
34991705CC;1.00006695;BSCS;1000066956;DCTO 50%;         602.010;         301.005;210;CASTIGO;         602.010;;;Region 1;ENTRE 600 Y 700;MONTERIA/CORDOBA;SRA MARIBEL URUETA SANDON SANDON;;Maribel;;1000066956;3107011481
34991705CC;1.00006695;BSCS;1000066956;DCTO 50%;         602.010;         301.005;210;CASTIGO;         602.010;;;Region 1;ENTRE 600 Y 700;MONTERIA/CORDOBA;SRA MARIBEL URUETA SANDON SANDON;;Maribel;;1000066956;3202899346
32210935CC;1.00006779;BSCS;1000067798;DCTO 50%;         429.992;         214.996;210;CASTIGO;         429.992;;;Region 2;ENTRE 400 Y 500;REMEDIOS/ANTIOQUIA;ALBA INES ALVAREZ ESCOBAR;;Alba;;1000067798;3107659340
32210935CC;1.00006785;BSCS;1000067854;DCTO 50%;         429.992;         214.996;210;CASTIGO;         429.992;;;Region 2;ENTRE 400 Y 500;REMEDIOS/ANTIOQUIA;ALBA INES ALVAREZ ESCOBAR;;Alba;;1000067854;3107659340
1099322160CC;1.00007489;BSCS;1000074894;NO DCTO;          97.131;          97.131;60;PREPOTENCIAL;          97.131;;;Region 4;ENTRE 75 Y 100;BOGOTA/CUNDINAMARCA;SR JOSE ANGEL MONTAÑEZ SANABRIA SANABRIA;;Jose;Neg Inesperados Plus6 20G;1000074894;3118090554
39720518CC;10000784;RR;10000784;DCTO 50%;         142.628;          71.314;210;CASTIGO;         142.628;;;Sin Region;ENTRE 140 Y 150;SUPERVIEW;FLOR MARIN SANCHEZ PENA;;Flor;;10000784;3134491866
1004603230CC;1.00008012;BSCS;1000080122;DCTO 60%;         159.329;          63.732;210;210;         159.329;;;Region 4;ENTRE 150 Y 200;VILLAVICENCIO/META;Sr./Sra. JANER DANIEL PRECIADO ARBOLEDA   ARBOLEDA;;Janer;Navegala M PLUS Mx Sm TMK BL;1000080122;3223713588
1004603230CC;1.00008012;BSCS;1000080122;DCTO 60%;         159.329;          63.732;210;210;         159.329;;;Region 4;ENTRE 150 Y 200;VILLAVICENCIO/META;Sr./Sra. JANER DANIEL PRECIADO ARBOLEDA   ARBOLEDA;;Janer;Navegala M PLUS Mx Sm TMK BL;1000080122;3227696072
1004603230CC;1.00008012;BSCS;1000080122;DCTO 60%;         159.329;          63.732;210;210;         159.329;;;Region 4;ENTRE 150 Y 200;VILLAVICENCIO/META;Sr./Sra. JANER DANIEL PRECIADO ARBOLEDA   ARBOLEDA;;Janer;Navegala M PLUS Mx Sm TMK BL;1000080122;3161780877
1004603230CC;1.00008012;BSCS;1000080122;DCTO 60%;         159.329;          63.732;210;210;         159.329;;;Region 4;ENTRE 150 Y 200;VILLAVICENCIO/META;Sr./Sra. JANER DANIEL PRECIADO ARBOLEDA   ARBOLEDA;;Janer;Navegala M PLUS Mx Sm TMK BL;1000080122;3046265895
1049656139CC;1.00008240;BSCS;1000082401;DCTO 50%;         293.873;         146.937;210;CASTIGO;         293.873;;;Region 4;ENTRE 250 Y 300;TUNJA;SR JEFFER FERNEY PAEZ MESA;;Jeffer;Navegala 1 M PRO Mx Sm;1000082401;3143907051
1049656139CC;1.00008240;BSCS;1000082401;DCTO 50%;         293.873;         146.937;210;CASTIGO;         293.873;;;Region 4;ENTRE 250 Y 300;TUNJA;SR JEFFER FERNEY PAEZ MESA;;Jeffer;Navegala 1 M PRO Mx Sm;1000082401;3102429240
1031156275CC;1.00008638;BSCS;1000086389;NODCTO;          45.872;          45.872;0;0;          45.872;;;Region 4;ENTRE 45 Y 50;SOACHA/CUNDINAMARCA;GINA LIZETH ROJAS ALDANA;;Gina;Navegala S ULTRA Mx Sm PA;1000086389;3105700665
1144160711CC;1.00009183;BSCS;1000091833;DCTO 50%;          13.681;           6.841;210;CASTIGO;          13.681;;;Region 3;MENOR A 25;CALI;SR(A) LUIS MIGUE RODRIGUEZ MONTES;;Luis;Todo Claro S ULTRA Mx Sm ;1000091833;3166148322
1144160711CC;1.00009183;BSCS;1000091833;DCTO 50%;          13.681;           6.841;210;CASTIGO;          13.681;;;Region 3;MENOR A 25;CALI;SR(A) LUIS MIGUE RODRIGUEZ MONTES;;Luis;Todo Claro S ULTRA Mx Sm ;1000091833;3183316685
12020668CC;1.00009576;BSCS;1000095764;DCTO 50%;         202.700;         101.350;210;CASTIGO;         202.700;;;Region 2;ENTRE 200 Y 250;QUIBDO/CHOCO;CARLOS ANDRES ORTIZ ROMERO;;Carlos;;1000095764;3122072832
1151462001CC;1.00010910;BSCS;1000109103;DCTO 50%;          75.878;          37.939;210;CASTIGO;          75.878;;;Region 1;ENTRE 75 Y 100;FONSECA/LA GUAJIRA;GREICY SULENA NIEVES DAZA;;Greicy;Navegala 2,5GB Mx Sm TMK;1000109103;3107008623
1093770159CC;1.00010940;BSCS;1000109401;NODCTO;          71.160;          71.160;0;0;          71.160;;;Region 2;ENTRE 70 Y 75;LOS PATIOS/NTE DE STDER;SRA ANDREA YULEIXY CAMARGO MERCHAN  ;;Andrea;Navegala 8GB Mx Sm;1000109401;3102251933
1049652709CC;1.00011025;BSCS;1000110254;DCTO 50%;          15.537;           7.769;210;CASTIGO;          15.537;;;Region 4;MENOR A 25;TUNJA;KAREN YESE GONZALEZ PARRA;;Karen;Navegala L LITE Mx Sm NV PA;1000110254;3218184955
1123301730CC;1.00011243;BSCS;1000112438;DCTO 50%;          78.777;          39.389;210;CASTIGO;          78.777;;;Region 4;ENTRE 75 Y 100;BOGOTA/CUNDINAMARCA;NANCY YULENI CASTRO ESTACIO;;Nancy;Fideliza Plus S PLUS Mx S;1000112438;3142923237
1123301730CC;1.00011243;BSCS;1000112438;DCTO 50%;          78.777;          39.389;210;CASTIGO;          78.777;;;Region 4;ENTRE 75 Y 100;BOGOTA/CUNDINAMARCA;NANCY YULENI CASTRO ESTACIO;;Nancy;Fideliza Plus S PLUS Mx S;1000112438;3104845628
22465107CC;1.00011570;BSCS;1000115703;DCTO 50%;          10.911;           5.456;210;CASTIGO;          10.911;;;Region 1;MENOR A 25;PLANETA RICA/CORDOBA;LUZ DARY NIETO GARCIA;;Luz;Internet Movil Universitario;1000115703;3225448629
22465107CC;1.00011570;BSCS;1000115703;DCTO 50%;          10.911;           5.456;210;CASTIGO;          10.911;;;Region 1;MENOR A 25;PLANETA RICA/CORDOBA;LUZ DARY NIETO GARCIA;;Luz;Internet Movil Universitario;1000115703;3224028466
22465107CC;1.00011570;BSCS;1000115703;DCTO 50%;          10.911;           5.456;210;CASTIGO;          10.911;;;Region 1;MENOR A 25;PLANETA RICA/CORDOBA;LUZ DARY NIETO GARCIA;;Luz;Internet Movil Universitario;1000115703;3146793260
36066829CC;1.00012157;BSCS;1000121570;DCTO 50%;         200.000;         100.000;210;CASTIGO;         200.000;;;Region 3;ENTRE 200 Y 250;PITALITO/HUILA;SANDRA MAGNOLIA GONZALEZ CAMACHO;;Sandra;MAS 320 Mixto - UP;1000121570;3209209685
1144191705CC;10001223;RR;10001223;DCTO 50%;          64.321;          32.161;210;CASTIGO;          64.321;;;Region 3;ENTRE 60 Y 65;CALI;HECTOR FAB NARVAEZ FALLA;;Hector;TV DIGITAL P;10001223;3155622309
1144191705CC;10001223;RR;10001223;DCTO 50%;          64.321;          32.161;210;CASTIGO;          64.321;;;Region 3;ENTRE 60 Y 65;CALI;HECTOR FAB NARVAEZ FALLA;;Hector;TV DIGITAL P;10001223;3157622309
1117836742CC;1.00013456;BSCS;1000134566;NO DCTO;          96.887;          96.887;30;PREPOTENCIAL;          96.887;;;Region 3;ENTRE 75 Y 100;SAN VICENTE DEL CAGUAN/CAQUETA;ALVEIRO LOAIZA MURILLO;;Alveiro;Navegala S ULTRA Mx Sm TMK BL;1000134566;3203273062
1117836742CC;1.00013456;BSCS;1000134566;NO DCTO;          96.887;          96.887;30;PREPOTENCIAL;          96.887;;;Region 3;ENTRE 75 Y 100;SAN VICENTE DEL CAGUAN/CAQUETA;ALVEIRO LOAIZA MURILLO;;Alveiro;Navegala S ULTRA Mx Sm TMK BL;1000134566;3145859879
1117836742CC;1.00013456;BSCS;1000134566;NO DCTO;          96.887;          96.887;30;PREPOTENCIAL;          96.887;;;Region 3;ENTRE 75 Y 100;SAN VICENTE DEL CAGUAN/CAQUETA;ALVEIRO LOAIZA MURILLO;;Alveiro;Navegala S ULTRA Mx Sm TMK BL;1000134566;3132868449
7166389CC;1.00013507;BSCS;1000135071;DCTO 50%;          31.425;          15.713;210;CASTIGO;          31.425;;;Region 2;ENTRE 30 Y 35;CUCUTA;JOSE GUILLERMO MEDINA SUAREZ;;Jose;Navegala S ULTRA Mx Sm PA_BL;1000135071;3124773044
1123635141CC;1.00013539;BSCS;1000135390;DCTO 50%;         166.246;          83.123;210;CASTIGO;         166.246;;;Region 2;ENTRE 150 Y 200;SAN ANDRES;GEORGE ALFRED VENNER BENT;;George;Navegala 1 L LITE Mx Sm;1000135390;3229100690
1003078838CC;1.00013559;BSCS;1000135591;DCTO 50%;          84.459;          42.230;210;CASTIGO;          84.459;;;Region 1;ENTRE 75 Y 100;PUERTO BELEN/CORDOBA;ELIAS JAVIER VELASQUEZ MIRANDA;;Elias;Navegala S ULTRA Mx Sm TMK BL;1000135591;3235273057
1003078838CC;1.00013559;BSCS;1000135591;DCTO 50%;          84.459;          42.230;210;CASTIGO;          84.459;;;Region 1;ENTRE 75 Y 100;PUERTO BELEN/CORDOBA;ELIAS JAVIER VELASQUEZ MIRANDA;;Elias;Navegala S ULTRA Mx Sm TMK BL;1000135591;3202449307
1104706234CC;1.00013617;BSCS;1000136179;DCTO 60%;          95.430;          38.172;210;210;          95.430;;;Region 3;ENTRE 75 Y 100;VILLAHERMOSA/TOLIMA;ANTONIO JOSE ARIAS FRANCO;;Antonio;Navegala S ULTRA Mx Sm TMK BL;1000136179;3202368292
1062779710CC;1.00013657;BSCS;1000136570;NODCTO;          78.700;          78.700;0;0;          78.700;;;Region 3;ENTRE 75 Y 100;CALI/VALLE;SR DAIRON FELIPE CONEJO QUILINDO  ;;Dairon;Navegala L PLUS Mx Sm PA;1000136570;3145293016
1062779710CC;1.00013657;BSCS;1000136570;NODCTO;          78.700;          78.700;0;0;          78.700;;;Region 3;ENTRE 75 Y 100;CALI/VALLE;SR DAIRON FELIPE CONEJO QUILINDO  ;;Dairon;Navegala L PLUS Mx Sm PA;1000136570;3233216221
1062779710CC;1.00013657;BSCS;1000136570;NODCTO;          78.700;          78.700;0;0;          78.700;;;Region 3;ENTRE 75 Y 100;CALI/VALLE;SR DAIRON FELIPE CONEJO QUILINDO  ;;Dairon;Navegala L PLUS Mx Sm PA;1000136570;3145293017
10165605CC;1.00013830;BSCS;1000138306;DCTO 40%;         223.613;         134.168;30;PREPOTENCIAL;         223.613;;;Region 2;ENTRE 200 Y 250;LA DORADA/CALDAS;SR HENRY RUBIO OSPINA  ;;Henry;Navegala 1 M PRO Mx Sm;1000138306;3227435971
10165605CC;1.00013830;BSCS;1000138306;DCTO 40%;         223.613;         134.168;30;PREPOTENCIAL;         223.613;;;Region 2;ENTRE 200 Y 250;LA DORADA/CALDAS;SR HENRY RUBIO OSPINA  ;;Henry;Navegala 1 M PRO Mx Sm;1000138306;3153265326
1128150166CC;1.00013924;BSCS;1000139243;DCTO 50%;          89.246;          44.623;210;CASTIGO;          89.246;;;Region 1;ENTRE 75 Y 100;SAN DIEGO/CESAR;VISMEL DE JESUS OSPINO ALVIZ;;Vismel;Navegala S ULTRA Mx Sm TM;1000139243;3225873260
1128150166CC;1.00013924;BSCS;1000139243;DCTO 50%;          89.246;          44.623;210;CASTIGO;          89.246;;;Region 1;ENTRE 75 Y 100;SAN DIEGO/CESAR;VISMEL DE JESUS OSPINO ALVIZ;;Vismel;Navegala S ULTRA Mx Sm TM;1000139243;3207418046
1064983546CC;1.00015065;BSCS;1000150653;DCTO 50%;         349.267;         174.634;210;CASTIGO;         349.267;;;Region 1;ENTRE 300 Y 400;CERETE/CORDOBA;YULY YULIETH HERRERA LLORENTE;;Yuly;;1000150653;3147840972
1045759197CC;1.00016251;BSCS;1000162518;DCTO 50%;         102.757;          51.379;210;CASTIGO;         102.757;;;Region 1;ENTRE 100 Y 110;BARRANQUILLA;OMEIRO ALFONSO URDANETA MEZA;;Omeiro;Navegala L LITE Mx Sm NV ;1000162518;3107368532
1003065729CC;1.00016342;BSCS;1000163423;DCTO 50%;         121.364;          60.682;210;CASTIGO;         121.364;;;Region 1;ENTRE 120 Y 130;LORICA/CORDOBA;DERLIS DEL CARMEN GUZMAN LOPEZ;;Derlis;Navegala M PLUS Mx Sm TMK;1000163423;3205295577
52875367CC;1.00016665;BSCS;1000166657;DCTO 50%;         198.435;          99.218;210;CASTIGO;         198.435;;;Region 3;ENTRE 150 Y 200;NEIVA/HUILA;ASTRID HERNANDEZ LONDOÑO;;Astrid;;1000166657;3204206864
32356899CC;1.00017229;BSCS;1000172291;DCTO 50%;         429.992;         214.996;210;CASTIGO;         429.992;;;Region 2;ENTRE 400 Y 500;CHIGORODO;MARIA MAGD USUGA;;Maria;;1000172291;3128685905
26124072CC;1.00017645;BSCS;1000176458;DCTO 50%;         101.536;          50.768;210;CASTIGO;         101.536;;;Region 1;ENTRE 100 Y 110;CARTAGENA/BOLIVAR;BERNARDINA FUENTES GARCES;;Bernardina;;1000176458;3217373770
26124072CC;1.00017645;BSCS;1000176458;DCTO 50%;         101.536;          50.768;210;CASTIGO;         101.536;;;Region 1;ENTRE 100 Y 110;CARTAGENA/BOLIVAR;BERNARDINA FUENTES GARCES;;Bernardina;;1000176458;3233989185
40799346CC;10001777;RR;10001777;DCTO 50%;          84.700;          42.350;210;CASTIGO;          84.700;;;Region 1;ENTRE 75 Y 100;VALLEDUPAR;Sr./Sra. AILETH MAR LOPEZ VELASQUEZ;;Aileth;TV DIGITAL B;10001777;3113876058
40799346CC;10001777;RR;10001777;DCTO 50%;          84.700;          42.350;210;CASTIGO;          84.700;;;Region 1;ENTRE 75 Y 100;VALLEDUPAR;Sr./Sra. AILETH MAR LOPEZ VELASQUEZ;;Aileth;TV DIGITAL B;10001777;3125251345
40799346CC;10001777;RR;10001777;DCTO 50%;          84.700;          42.350;210;CASTIGO;          84.700;;;Region 1;ENTRE 75 Y 100;VALLEDUPAR;Sr./Sra. AILETH MAR LOPEZ VELASQUEZ;;Aileth;TV DIGITAL B;10001777;3218635182
40799346CC;10001777;RR;10001777;DCTO 50%;          84.700;          42.350;210;CASTIGO;          84.700;;;Region 1;ENTRE 75 Y 100;VALLEDUPAR;Sr./Sra. AILETH MAR LOPEZ VELASQUEZ;;Aileth;TV DIGITAL B;10001777;3218618737
40799346CC;10001777;RR;10001777;DCTO 50%;          84.700;          42.350;210;CASTIGO;          84.700;;;Region 1;ENTRE 75 Y 100;VALLEDUPAR;Sr./Sra. AILETH MAR LOPEZ VELASQUEZ;;Aileth;TV DIGITAL B;10001777;3002705617
1097388989CC;1.00017895;BSCS;1000178952;NODCTO;          53.356;          53.356;0;PREPOTENCIAL ESPECIAL;          53.356;;;Region 2;ENTRE 50 Y 55;CALARCA/QUINDIO;SR LUIS FERNANDO MELCHOR ALFONSO  ;;Luis;Navegala Up S Pro Mx Ip;1000178952;3216176718
1097388989CC;1.00017895;BSCS;1000178952;NODCTO;          53.356;          53.356;0;PREPOTENCIAL ESPECIAL;          53.356;;;Region 2;ENTRE 50 Y 55;CALARCA/QUINDIO;SR LUIS FERNANDO MELCHOR ALFONSO  ;;Luis;Navegala Up S Pro Mx Ip;1000178952;3112552656
1024554894CC;1.00017933;BSCS;1000179339;DCTO 50%;          84.078;          42.039;210;CASTIGO;          84.078;;;Region 4;ENTRE 75 Y 100;SOACHA/CUNDINAMARCA;NIYIRETH SANABRIA PARDO;;Niyireth;Navegala S ULTRA Mx Sm TM;1000179339;3224316903
12541132CC;1.00018054;BSCS;1000180546;DCTO 50%;          65.957;          32.979;210;CASTIGO;          65.957;;;Region 4;ENTRE 65 Y 70;SANTA MARTA;MISAEL ALF MEZA GUTIERREZ;;Misael;Navegala S ULTRA Mx Sm TMK BL;1000180546;3003221972
79762706CC;1.00018189;BSCS;1000181892;DCTO 50%;          33.348;          16.674;210;CASTIGO;          33.348;;;Region 4;ENTRE 30 Y 35;ACACIAS/META;SR HELBER DOMINGO OYOLA TIQUE  ;;Helber;Navegala 9GB Mx Sm;1000181892;3174491234
79762706CC;1.00018189;BSCS;1000181892;DCTO 50%;          33.348;          16.674;210;CASTIGO;          33.348;;;Region 4;ENTRE 30 Y 35;ACACIAS/META;SR HELBER DOMINGO OYOLA TIQUE  ;;Helber;Navegala 9GB Mx Sm;1000181892;3218599787
79762706CC;1.00018189;BSCS;1000181892;DCTO 50%;          33.348;          16.674;210;CASTIGO;          33.348;;;Region 4;ENTRE 30 Y 35;ACACIAS/META;SR HELBER DOMINGO OYOLA TIQUE  ;;Helber;Navegala 9GB Mx Sm;1000181892;3215975835
79762706CC;1.00018189;BSCS;1000181892;DCTO 50%;          33.348;          16.674;210;CASTIGO;          33.348;;;Region 4;ENTRE 30 Y 35;ACACIAS/META;SR HELBER DOMINGO OYOLA TIQUE  ;;Helber;Navegala 9GB Mx Sm;1000181892;3215688071
79762706CC;1.00018189;BSCS;1000181892;DCTO 50%;          33.348;          16.674;210;CASTIGO;          33.348;;;Region 4;ENTRE 30 Y 35;ACACIAS/META;SR HELBER DOMINGO OYOLA TIQUE  ;;Helber;Navegala 9GB Mx Sm;1000181892;3206281688
79762706CC;1.00018189;BSCS;1000181892;DCTO 50%;          33.348;          16.674;210;CASTIGO;          33.348;;;Region 4;ENTRE 30 Y 35;ACACIAS/META;SR HELBER DOMINGO OYOLA TIQUE  ;;Helber;Navegala 9GB Mx Sm;1000181892;3127535704
